{
  "fr": {
    "algeria": "Algérie",
    "angola": "Angola",
    "benin": "Benin",
    "botswana": "Botswana",
    "burkina-faso": "Burkina Faso",
    "burundi": "Burundi",
    "cameroon": "Cameroon",
    "cabo-verde": "Cap-Vert",
    "central-african-republic": "République centrafricaine",
    "chad": "Chad",
    "comoros": "Comoros",
    "cote-d-ivoire": "Côte d'Ivoire",
    "democratic-republic-of-the-congo": "République démocratique du Congo",
    "djibouti": "Djibouti",
    "egypt": "Égypte",
    "equatorial-guinea": "Guinée équatoriale",
    "eritrea": "Eritrea",
    "eswatini": "Eswatini",
    "ethiopia": "Éthiopie",
    "gabon": "Gabon",
    "ghana": "Ghana",
    "guinea": "Guinea",
    "guinea-bissau": "Guinée-Bissau",
    "kenya": "Kenya",
    "lesotho": "Lesotho",
    "liberia": "Liberia",
    "libya": "Libya",
    "madagascar": "Madagascar",
    "malawi": "Malawi",
    "mali": "Mali",
    "mauritania": "Mauritania",
    "mauritius": "Mauritius",
    "mayotte": "Mayotte",
    "morocco": "Maroc",
    "mozambique": "Mozambique",
    "namibia": "Namibia",
    "niger": "Niger",
    "nigeria": "Nigeria",
    "reunion": "Reunion",
    "rwanda": "Rwanda",
    "saint-helena-ascension-and-tristan-da-cunha": "Saint Helena, Ascension and Tristan da Cunha",
    "sao-tome-and-principe": "Sao Tomé-et-Príncipe",
    "senegal": "Senegal",
    "seychelles": "Seychelles",
    "sierra-leone": "Sierra Leone",
    "somalia": "Somalia",
    "south-africa": "Afrique du Sud",
    "south-sudan": "South Sudan",
    "sudan": "Sudan",
    "tanzania": "Tanzania",
    "togo": "Togo",
    "tunisia": "Tunisie",
    "uganda": "Uganda",
    "western-sahara": "Western Sahara",
    "zambia": "Zambia",
    "zimbabwe": "Zimbabwe",
    "afghanistan": "Afghanistan",
    "armenia": "Armenia",
    "azerbaijan": "Azerbaijan",
    "bahrain": "Bahrain",
    "bangladesh": "Bangladesh",
    "bhutan": "Bhutan",
    "brunei": "Brunei",
    "cambodia": "Cambodia",
    "china": "Chine",
    "cyprus": "Cyprus",
    "georgia": "Georgia",
    "india": "Inde",
    "indonesia": "Indonésie",
    "iran": "Iran",
    "iraq": "Iraq",
    "israel": "Israel",
    "japan": "Japon",
    "jordan": "Jordan",
    "kazakhstan": "Kazakhstan",
    "kuwait": "Kuwait",
    "kyrgyzstan": "Kyrgyzstan",
    "laos": "Laos",
    "lebanon": "Lebanon",
    "malaysia": "Malaisie",
    "maldives": "Maldives",
    "mongolia": "Mongolia",
    "myanmar": "Myanmar",
    "nepal": "Nepal",
    "north-korea": "Corée du Nord",
    "oman": "Oman",
    "pakistan": "Pakistan",
    "philippines": "Philippines",
    "qatar": "Qatar",
    "saudi-arabia": "Arabie saoudite",
    "singapore": "Singapour",
    "south-korea": "Corée du Sud",
    "sri-lanka": "Sri Lanka",
    "state-of-palestine": "Palestine",
    "syrian-arab-republic": "Syrie",
    "taiwan": "Taiwan",
    "tajikistan": "Tajikistan",
    "thailand": "Thaïlande",
    "timor-leste": "Timor oriental",
    "turkey": "Turquie",
    "turkmenistan": "Turkmenistan",
    "united-arab-emirates": "Émirats arabes unis",
    "uzbekistan": "Uzbekistan",
    "vietnam": "Viêt Nam",
    "yemen": "Yemen",
    "hong-kong": "Hong Kong",
    "macao": "Macao",
    "albania": "Albania",
    "aland-islands": "Åland Islands",
    "andorra": "Andorra",
    "austria": "Autriche",
    "belarus": "Belarus",
    "belgium": "Belgique",
    "bosnia-and-herzegovina": "Bosnie-Herzégovine",
    "bulgaria": "Bulgaria",
    "croatia": "Croatia",
    "czech-republic": "République tchèque",
    "denmark": "Danemark",
    "estonia": "Estonia",
    "faroe-islands": "Faroe Islands",
    "finland": "Finland",
    "france": "France",
    "germany": "Allemagne",
    "gibraltar": "Gibraltar",
    "greece": "Grèce",
    "guernsey": "Guernsey",
    "holy-see": "Saint-Siège",
    "hungary": "Hongrie",
    "iceland": "Iceland",
    "ireland": "Irlande",
    "isle-of-man": "Isle of Man",
    "italy": "Italie",
    "jersey": "Jersey",
    "latvia": "Latvia",
    "liechtenstein": "Liechtenstein",
    "lithuania": "Lithuania",
    "luxembourg": "Luxembourg",
    "malta": "Malta",
    "moldova": "Moldova",
    "monaco": "Monaco",
    "montenegro": "Montenegro",
    "netherlands": "Pays-Bas",
    "north-macedonia": "Macédoine du Nord",
    "norway": "Norvège",
    "poland": "Pologne",
    "portugal": "Portugal",
    "romania": "Roumanie",
    "russian-federation": "Russie",
    "san-marino": "San Marino",
    "serbia": "Serbia",
    "slovakia": "Slovakia",
    "slovenia": "Slovenia",
    "spain": "Espagne",
    "svalbard-and-jan-mayen": "Svalbard And Jan Mayen",
    "sweden": "Suède",
    "switzerland": "Suisse",
    "ukraine": "Ukraine",
    "united-kingdom": "Royaume-Uni",
    "vatican-city": "Vatican",
    "anguilla": "Anguilla",
    "antigua-and-barbuda": "Antigua-et-Barbuda",
    "aruba": "Aruba",
    "the-bahamas": "Bahamas",
    "barbados": "Barbados",
    "belize": "Belize",
    "bermuda": "Bermuda",
    "british-indian-ocean-territory": "British Indian Ocean Territory",
    "canada": "Canada",
    "caribbean-netherlands": "Caribbean Netherlands",
    "cayman-islands": "Cayman Islands",
    "costa-rica": "Costa Rica",
    "cuba": "Cuba",
    "curacao": "Curacao",
    "dominica": "Dominica",
    "dominican-republic": "République dominicaine",
    "el-salvador": "Salvador",
    "greenland": "Greenland",
    "grenada": "Grenada",
    "guadeloupe": "Guadeloupe",
    "guatemala": "Guatemala",
    "haiti": "Haiti",
    "honduras": "Honduras",
    "jamaica": "Jamaica",
    "martinique": "Martinique",
    "mexico": "Mexique",
    "montserrat": "Montserrat",
    "nicaragua": "Nicaragua",
    "panama": "Panama",
    "puerto-rico": "Puerto Rico",
    "saint-barthelemy": "Saint Barthélemy",
    "saint-kitts-and-nevis": "Saint Kitts and Nevis",
    "saint-lucia": "Saint Lucia",
    "saint-martin-french-part": "Saint Martin (French part)",
    "saint-pierre-and-miquelon": "Saint Pierre and Miquelon",
    "saint-vincent-and-the-grenadines": "Saint Vincent and the Grenadines",
    "sint-maarten-dutch-part": "Sint Maarten (Dutch part)",
    "trinidad-and-tobago": "Trinité-et-Tobago",
    "turks-and-caicos-islands": "Turks and Caicos Islands",
    "united-states": "États-Unis",
    "virgin-islands-british": "British Virgin Islands",
    "virgin-islands-us": "U.S. Virgin Islands",
    "american-samoa": "American Samoa",
    "australia": "Australie",
    "cook-islands": "Cook Islands",
    "fiji": "Fiji",
    "french-polynesia": "Polynésie française",
    "guam": "Guam",
    "kiribati": "Kiribati",
    "marshall-islands": "Marshall Islands",
    "micronesia": "Micronesia",
    "nauru": "Nauru",
    "new-caledonia": "Nouvelle-Calédonie",
    "new-zealand": "Nouvelle-Zélande",
    "niue": "Niue",
    "norfolk-island": "Norfolk Island",
    "northern-mariana-islands": "Northern Mariana Islands",
    "palau": "Palau",
    "papua-new-guinea": "Papouasie-Nouvelle-Guinée",
    "pitcairn-islands": "Pitcairn Islands",
    "samoa": "Samoa",
    "solomon-islands": "Îles Salomon",
    "tokelau": "Tokelau",
    "tonga": "Tonga",
    "tuvalu": "Tuvalu",
    "vanuatu": "Vanuatu",
    "wallis-and-futuna": "Wallis-et-Futuna",
    "argentina": "Argentine",
    "bolivia": "Bolivie",
    "brazil": "Brésil",
    "chile": "Chili",
    "colombia": "Colombie",
    "ecuador": "Équateur",
    "falkland-islands": "Falkland Islands",
    "french-guiana": "French Guiana",
    "guyana": "Guyana",
    "paraguay": "Paraguay",
    "peru": "Pérou",
    "suriname": "Suriname",
    "uruguay": "Uruguay",
    "venezuela": "Venezuela"
  },
  "de": {
    "algeria": "Algerien",
    "angola": "Angola",
    "benin": "Benin",
    "botswana": "Botswana",
    "burkina-faso": "Burkina Faso",
    "burundi": "Burundi",
    "cameroon": "Cameroon",
    "cabo-verde": "Kap Verde",
    "central-african-republic": "Zentralafrikanische Republik",
    "chad": "Chad",
    "comoros": "Comoros",
    "cote-d-ivoire": "Elfenbeinküste",
    "democratic-republic-of-the-congo": "Demokratische Republik Kongo",
    "djibouti": "Djibouti",
    "egypt": "Ägypten",
    "equatorial-guinea": "Äquatorialguinea",
    "eritrea": "Eritrea",
    "eswatini": "Eswatini",
    "ethiopia": "Äthiopien",
    "gabon": "Gabon",
    "ghana": "Ghana",
    "guinea": "Guinea",
    "guinea-bissau": "Guinea-Bissau",
    "kenya": "Kenia",
    "lesotho": "Lesotho",
    "liberia": "Liberia",
    "libya": "Libya",
    "madagascar": "Madagascar",
    "malawi": "Malawi",
    "mali": "Mali",
    "mauritania": "Mauritania",
    "mauritius": "Mauritius",
    "mayotte": "Mayotte",
    "morocco": "Marokko",
    "mozambique": "Mozambique",
    "namibia": "Namibia",
    "niger": "Niger",
    "nigeria": "Nigeria",
    "reunion": "Reunion",
    "rwanda": "Rwanda",
    "saint-helena-ascension-and-tristan-da-cunha": "Saint Helena, Ascension and Tristan da Cunha",
    "sao-tome-and-principe": "São Tomé und Príncipe",
    "senegal": "Senegal",
    "seychelles": "Seychelles",
    "sierra-leone": "Sierra Leone",
    "somalia": "Somalia",
    "south-africa": "Südafrika",
    "south-sudan": "South Sudan",
    "sudan": "Sudan",
    "tanzania": "Tanzania",
    "togo": "Togo",
    "tunisia": "Tunesien",
    "uganda": "Uganda",
    "western-sahara": "Western Sahara",
    "zambia": "Zambia",
    "zimbabwe": "Zimbabwe",
    "afghanistan": "Afghanistan",
    "armenia": "Armenia",
    "azerbaijan": "Azerbaijan",
    "bahrain": "Bahrain",
    "bangladesh": "Bangladesch",
    "bhutan": "Bhutan",
    "brunei": "Brunei",
    "cambodia": "Cambodia",
    "china": "China",
    "cyprus": "Cyprus",
    "georgia": "Georgia",
    "india": "Indien",
    "indonesia": "Indonesien",
    "iran": "Iran",
    "iraq": "Iraq",
    "israel": "Israel",
    "japan": "Japan",
    "jordan": "Jordan",
    "kazakhstan": "Kazakhstan",
    "kuwait": "Kuwait",
    "kyrgyzstan": "Kyrgyzstan",
    "laos": "Laos",
    "lebanon": "Lebanon",
    "malaysia": "Malaysia",
    "maldives": "Maldives",
    "mongolia": "Mongolia",
    "myanmar": "Myanmar",
    "nepal": "Nepal",
    "north-korea": "Nordkorea",
    "oman": "Oman",
    "pakistan": "Pakistan",
    "philippines": "Philippinen",
    "qatar": "Qatar",
    "saudi-arabia": "Saudi-Arabien",
    "singapore": "Singapur",
    "south-korea": "Südkorea",
    "sri-lanka": "Sri Lanka",
    "state-of-palestine": "Palästina",
    "syrian-arab-republic": "Syrien",
    "taiwan": "Taiwan",
    "tajikistan": "Tajikistan",
    "thailand": "Thailand",
    "timor-leste": "Osttimor",
    "turkey": "Türkei",
    "turkmenistan": "Turkmenistan",
    "united-arab-emirates": "Vereinigte Arabische Emirate",
    "uzbekistan": "Uzbekistan",
    "vietnam": "Vietnam",
    "yemen": "Yemen",
    "hong-kong": "Hong Kong",
    "macao": "Macao",
    "albania": "Albania",
    "aland-islands": "Åland Islands",
    "andorra": "Andorra",
    "austria": "Österreich",
    "belarus": "Belarus",
    "belgium": "Belgien",
    "bosnia-and-herzegovina": "Bosnien und Herzegowina",
    "bulgaria": "Bulgaria",
    "croatia": "Croatia",
    "czech-republic": "Tschechien",
    "denmark": "Dänemark",
    "estonia": "Estonia",
    "faroe-islands": "Faroe Islands",
    "finland": "Finland",
    "france": "Frankreich",
    "germany": "Deutschland",
    "gibraltar": "Gibraltar",
    "greece": "Griechenland",
    "guernsey": "Guernsey",
    "holy-see": "Heiliger Stuhl",
    "hungary": "Ungarn",
    "iceland": "Iceland",
    "ireland": "Irland",
    "isle-of-man": "Isle of Man",
    "italy": "Italien",
    "jersey": "Jersey",
    "latvia": "Latvia",
    "liechtenstein": "Liechtenstein",
    "lithuania": "Lithuania",
    "luxembourg": "Luxembourg",
    "malta": "Malta",
    "moldova": "Moldova",
    "monaco": "Monaco",
    "montenegro": "Montenegro",
    "netherlands": "Niederlande",
    "north-macedonia": "Nordmazedonien",
    "norway": "Norwegen",
    "poland": "Polen",
    "portugal": "Portugal",
    "romania": "Rumänien",
    "russian-federation": "Russland",
    "san-marino": "San Marino",
    "serbia": "Serbia",
    "slovakia": "Slovakia",
    "slovenia": "Slovenia",
    "spain": "Spanien",
    "svalbard-and-jan-mayen": "Svalbard And Jan Mayen",
    "sweden": "Schweden",
    "switzerland": "Schweiz",
    "ukraine": "Ukraine",
    "united-kingdom": "Vereinigtes Königreich",
    "vatican-city": "Vatikanstadt",
    "anguilla": "Anguilla",
    "antigua-and-barbuda": "Antigua und Barbuda",
    "aruba": "Aruba",
    "the-bahamas": "Bahamas",
    "barbados": "Barbados",
    "belize": "Belize",
    "bermuda": "Bermuda",
    "british-indian-ocean-territory": "British Indian Ocean Territory",
    "canada": "Kanada",
    "caribbean-netherlands": "Caribbean Netherlands",
    "cayman-islands": "Cayman Islands",
    "costa-rica": "Costa Rica",
    "cuba": "Cuba",
    "curacao": "Curacao",
    "dominica": "Dominica",
    "dominican-republic": "Dominikanische Republik",
    "el-salvador": "El Salvador",
    "greenland": "Greenland",
    "grenada": "Grenada",
    "guadeloupe": "Guadeloupe",
    "guatemala": "Guatemala",
    "haiti": "Haiti",
    "honduras": "Honduras",
    "jamaica": "Jamaica",
    "martinique": "Martinique",
    "mexico": "Mexiko",
    "montserrat": "Montserrat",
    "nicaragua": "Nicaragua",
    "panama": "Panama",
    "puerto-rico": "Puerto Rico",
    "saint-barthelemy": "Saint Barthélemy",
    "saint-kitts-and-nevis": "Saint Kitts and Nevis",
    "saint-lucia": "Saint Lucia",
    "saint-martin-french-part": "Saint Martin (French part)",
    "saint-pierre-and-miquelon": "Saint Pierre and Miquelon",
    "saint-vincent-and-the-grenadines": "Saint Vincent and the Grenadines",
    "sint-maarten-dutch-part": "Sint Maarten (Dutch part)",
    "trinidad-and-tobago": "Trinidad und Tobago",
    "turks-and-caicos-islands": "Turks and Caicos Islands",
    "united-states": "Vereinigte Staaten",
    "virgin-islands-british": "British Virgin Islands",
    "virgin-islands-us": "U.S. Virgin Islands",
    "american-samoa": "American Samoa",
    "australia": "Australien",
    "cook-islands": "Cook Islands",
    "fiji": "Fiji",
    "french-polynesia": "Französisch-Polynesien",
    "guam": "Guam",
    "kiribati": "Kiribati",
    "marshall-islands": "Marshall Islands",
    "micronesia": "Micronesia",
    "nauru": "Nauru",
    "new-caledonia": "Neukaledonien",
    "new-zealand": "Neuseeland",
    "niue": "Niue",
    "norfolk-island": "Norfolk Island",
    "northern-mariana-islands": "Northern Mariana Islands",
    "palau": "Palau",
    "papua-new-guinea": "Papua-Neuguinea",
    "pitcairn-islands": "Pitcairn Islands",
    "samoa": "Samoa",
    "solomon-islands": "Salomonen",
    "tokelau": "Tokelau",
    "tonga": "Tonga",
    "tuvalu": "Tuvalu",
    "vanuatu": "Vanuatu",
    "wallis-and-futuna": "Wallis und Futuna",
    "argentina": "Argentinien",
    "bolivia": "Bolivien",
    "brazil": "Brasilien",
    "chile": "Chile",
    "colombia": "Kolumbien",
    "ecuador": "Ecuador",
    "falkland-islands": "Falkland Islands",
    "french-guiana": "French Guiana",
    "guyana": "Guyana",
    "paraguay": "Paraguay",
    "peru": "Peru",
    "suriname": "Suriname",
    "uruguay": "Uruguay",
    "venezuela": "Venezuela"
  },
  "es": {
    "algeria": "Argelia",
    "angola": "Angola",
    "benin": "Benin",
    "botswana": "Botswana",
    "burkina-faso": "Burkina Faso",
    "burundi": "Burundi",
    "cameroon": "Cameroon",
    "cabo-verde": "Cabo Verde",
    "central-african-republic": "República Centroafricana",
    "chad": "Chad",
    "comoros": "Comoros",
    "cote-d-ivoire": "Costa de Marfil",
    "democratic-republic-of-the-congo": "República Democrática del Congo",
    "djibouti": "Djibouti",
    "egypt": "Egipto",
    "equatorial-guinea": "Guinea Ecuatorial",
    "eritrea": "Eritrea",
    "eswatini": "Eswatini",
    "ethiopia": "Etiopía",
    "gabon": "Gabon",
    "ghana": "Ghana",
    "guinea": "Guinea",
    "guinea-bissau": "Guinea-Bisáu",
    "kenya": "Kenia",
    "lesotho": "Lesotho",
    "liberia": "Liberia",
    "libya": "Libya",
    "madagascar": "Madagascar",
    "malawi": "Malawi",
    "mali": "Mali",
    "mauritania": "Mauritania",
    "mauritius": "Mauritius",
    "mayotte": "Mayotte",
    "morocco": "Marruecos",
    "mozambique": "Mozambique",
    "namibia": "Namibia",
    "niger": "Niger",
    "nigeria": "Nigeria",
    "reunion": "Reunion",
    "rwanda": "Rwanda",
    "saint-helena-ascension-and-tristan-da-cunha": "Saint Helena, Ascension and Tristan da Cunha",
    "sao-tome-and-principe": "Santo Tomé y Príncipe",
    "senegal": "Senegal",
    "seychelles": "Seychelles",
    "sierra-leone": "Sierra Leone",
    "somalia": "Somalia",
    "south-africa": "Sudáfrica",
    "south-sudan": "South Sudan",
    "sudan": "Sudan",
    "tanzania": "Tanzania",
    "togo": "Togo",
    "tunisia": "Túnez",
    "uganda": "Uganda",
    "western-sahara": "Western Sahara",
    "zambia": "Zambia",
    "zimbabwe": "Zimbabwe",
    "afghanistan": "Afghanistan",
    "armenia": "Armenia",
    "azerbaijan": "Azerbaijan",
    "bahrain": "Bahrain",
    "bangladesh": "Bangladesh",
    "bhutan": "Bhutan",
    "brunei": "Brunei",
    "cambodia": "Cambodia",
    "china": "China",
    "cyprus": "Cyprus",
    "georgia": "Georgia",
    "india": "India",
    "indonesia": "Indonesia",
    "iran": "Iran",
    "iraq": "Iraq",
    "israel": "Israel",
    "japan": "Japón",
    "jordan": "Jordan",
    "kazakhstan": "Kazakhstan",
    "kuwait": "Kuwait",
    "kyrgyzstan": "Kyrgyzstan",
    "laos": "Laos",
    "lebanon": "Lebanon",
    "malaysia": "Malasia",
    "maldives": "Maldives",
    "mongolia": "Mongolia",
    "myanmar": "Myanmar",
    "nepal": "Nepal",
    "north-korea": "Corea del Norte",
    "oman": "Oman",
    "pakistan": "Pakistán",
    "philippines": "Filipinas",
    "qatar": "Qatar",
    "saudi-arabia": "Arabia Saudita",
    "singapore": "Singapur",
    "south-korea": "Corea del Sur",
    "sri-lanka": "Sri Lanka",
    "state-of-palestine": "Palestina",
    "syrian-arab-republic": "Siria",
    "taiwan": "Taiwan",
    "tajikistan": "Tajikistan",
    "thailand": "Tailandia",
    "timor-leste": "Timor Oriental",
    "turkey": "Turquía",
    "turkmenistan": "Turkmenistan",
    "united-arab-emirates": "Emiratos Árabes Unidos",
    "uzbekistan": "Uzbekistan",
    "vietnam": "Vietnam",
    "yemen": "Yemen",
    "hong-kong": "Hong Kong",
    "macao": "Macao",
    "albania": "Albania",
    "aland-islands": "Åland Islands",
    "andorra": "Andorra",
    "austria": "Austria",
    "belarus": "Belarus",
    "belgium": "Bélgica",
    "bosnia-and-herzegovina": "Bosnia y Herzegovina",
    "bulgaria": "Bulgaria",
    "croatia": "Croatia",
    "czech-republic": "República Checa",
    "denmark": "Dinamarca",
    "estonia": "Estonia",
    "faroe-islands": "Faroe Islands",
    "finland": "Finland",
    "france": "Francia",
    "germany": "Alemania",
    "gibraltar": "Gibraltar",
    "greece": "Grecia",
    "guernsey": "Guernsey",
    "holy-see": "Santa Sede",
    "hungary": "Hungría",
    "iceland": "Iceland",
    "ireland": "Irlanda",
    "isle-of-man": "Isle of Man",
    "italy": "Italia",
    "jersey": "Jersey",
    "latvia": "Latvia",
    "liechtenstein": "Liechtenstein",
    "lithuania": "Lithuania",
    "luxembourg": "Luxembourg",
    "malta": "Malta",
    "moldova": "Moldova",
    "monaco": "Monaco",
    "montenegro": "Montenegro",
    "netherlands": "Países Bajos",
    "north-macedonia": "Macedonia del Norte",
    "norway": "Noruega",
    "poland": "Polonia",
    "portugal": "Portugal",
    "romania": "Rumania",
    "russian-federation": "Rusia",
    "san-marino": "San Marino",
    "serbia": "Serbia",
    "slovakia": "Slovakia",
    "slovenia": "Slovenia",
    "spain": "España",
    "svalbard-and-jan-mayen": "Svalbard And Jan Mayen",
    "sweden": "Suecia",
    "switzerland": "Suiza",
    "ukraine": "Ucrania",
    "united-kingdom": "Reino Unido",
    "vatican-city": "Ciudad del Vaticano",
    "anguilla": "Anguilla",
    "antigua-and-barbuda": "Antigua y Barbuda",
    "aruba": "Aruba",
    "the-bahamas": "Bahamas",
    "barbados": "Barbados",
    "belize": "Belize",
    "bermuda": "Bermuda",
    "british-indian-ocean-territory": "British Indian Ocean Territory",
    "canada": "Canadá",
    "caribbean-netherlands": "Caribbean Netherlands",
    "cayman-islands": "Cayman Islands",
    "costa-rica": "Costa Rica",
    "cuba": "Cuba",
    "curacao": "Curacao",
    "dominica": "Dominica",
    "dominican-republic": "República Dominicana",
    "el-salvador": "El Salvador",
    "greenland": "Greenland",
    "grenada": "Grenada",
    "guadeloupe": "Guadeloupe",
    "guatemala": "Guatemala",
    "haiti": "Haiti",
    "honduras": "Honduras",
    "jamaica": "Jamaica",
    "martinique": "Martinique",
    "mexico": "México",
    "montserrat": "Montserrat",
    "nicaragua": "Nicaragua",
    "panama": "Panama",
    "puerto-rico": "Puerto Rico",
    "saint-barthelemy": "Saint Barthélemy",
    "saint-kitts-and-nevis": "Saint Kitts and Nevis",
    "saint-lucia": "Saint Lucia",
    "saint-martin-french-part": "Saint Martin (French part)",
    "saint-pierre-and-miquelon": "Saint Pierre and Miquelon",
    "saint-vincent-and-the-grenadines": "Saint Vincent and the Grenadines",
    "sint-maarten-dutch-part": "Sint Maarten (Dutch part)",
    "trinidad-and-tobago": "Trinidad y Tobago",
    "turks-and-caicos-islands": "Turks and Caicos Islands",
    "united-states": "Estados Unidos",
    "virgin-islands-british": "British Virgin Islands",
    "virgin-islands-us": "U.S. Virgin Islands",
    "american-samoa": "American Samoa",
    "australia": "Australia",
    "cook-islands": "Cook Islands",
    "fiji": "Fiji",
    "french-polynesia": "Polinesia Francesa",
    "guam": "Guam",
    "kiribati": "Kiribati",
    "marshall-islands": "Marshall Islands",
    "micronesia": "Micronesia",
    "nauru": "Nauru",
    "new-caledonia": "Nueva Caledonia",
    "new-zealand": "Nueva Zelanda",
    "niue": "Niue",
    "norfolk-island": "Norfolk Island",
    "northern-mariana-islands": "Northern Mariana Islands",
    "palau": "Palau",
    "papua-new-guinea": "Papúa Nueva Guinea",
    "pitcairn-islands": "Pitcairn Islands",
    "samoa": "Samoa",
    "solomon-islands": "Islas Salomón",
    "tokelau": "Tokelau",
    "tonga": "Tonga",
    "tuvalu": "Tuvalu",
    "vanuatu": "Vanuatu",
    "wallis-and-futuna": "Wallis y Futuna",
    "argentina": "Argentina",
    "bolivia": "Bolivia",
    "brazil": "Brasil",
    "chile": "Chile",
    "colombia": "Colombia",
    "ecuador": "Ecuador",
    "falkland-islands": "Falkland Islands",
    "french-guiana": "French Guiana",
    "guyana": "Guyana",
    "paraguay": "Paraguay",
    "peru": "Perú",
    "suriname": "Suriname",
    "uruguay": "Uruguay",
    "venezuela": "Venezuela"
  },
  "it": {
    "algeria": "Algeria",
    "angola": "Angola",
    "benin": "Benin",
    "botswana": "Botswana",
    "burkina-faso": "Burkina Faso",
    "burundi": "Burundi",
    "cameroon": "Cameroon",
    "cabo-verde": "Capo Verde",
    "central-african-republic": "Repubblica Centrafricana",
    "chad": "Chad",
    "comoros": "Comoros",
    "cote-d-ivoire": "Costa d'Avorio",
    "democratic-republic-of-the-congo": "Repubblica Democratica del Congo",
    "djibouti": "Djibouti",
    "egypt": "Egitto",
    "equatorial-guinea": "Guinea Equatoriale",
    "eritrea": "Eritrea",
    "eswatini": "Eswatini",
    "ethiopia": "Etiopia",
    "gabon": "Gabon",
    "ghana": "Ghana",
    "guinea": "Guinea",
    "guinea-bissau": "Guinea-Bissau",
    "kenya": "Kenya",
    "lesotho": "Lesotho",
    "liberia": "Liberia",
    "libya": "Libya",
    "madagascar": "Madagascar",
    "malawi": "Malawi",
    "mali": "Mali",
    "mauritania": "Mauritania",
    "mauritius": "Mauritius",
    "mayotte": "Mayotte",
    "morocco": "Marocco",
    "mozambique": "Mozambique",
    "namibia": "Namibia",
    "niger": "Niger",
    "nigeria": "Nigeria",
    "reunion": "Reunion",
    "rwanda": "Rwanda",
    "saint-helena-ascension-and-tristan-da-cunha": "Saint Helena, Ascension and Tristan da Cunha",
    "sao-tome-and-principe": "São Tomé e Príncipe",
    "senegal": "Senegal",
    "seychelles": "Seychelles",
    "sierra-leone": "Sierra Leone",
    "somalia": "Somalia",
    "south-africa": "Sudafrica",
    "south-sudan": "South Sudan",
    "sudan": "Sudan",
    "tanzania": "Tanzania",
    "togo": "Togo",
    "tunisia": "Tunisia",
    "uganda": "Uganda",
    "western-sahara": "Western Sahara",
    "zambia": "Zambia",
    "zimbabwe": "Zimbabwe",
    "afghanistan": "Afghanistan",
    "armenia": "Armenia",
    "azerbaijan": "Azerbaijan",
    "bahrain": "Bahrain",
    "bangladesh": "Bangladesh",
    "bhutan": "Bhutan",
    "brunei": "Brunei",
    "cambodia": "Cambodia",
    "china": "Cina",
    "cyprus": "Cyprus",
    "georgia": "Georgia",
    "india": "India",
    "indonesia": "Indonesia",
    "iran": "Iran",
    "iraq": "Iraq",
    "israel": "Israel",
    "japan": "Giappone",
    "jordan": "Jordan",
    "kazakhstan": "Kazakhstan",
    "kuwait": "Kuwait",
    "kyrgyzstan": "Kyrgyzstan",
    "laos": "Laos",
    "lebanon": "Lebanon",
    "malaysia": "Malesia",
    "maldives": "Maldives",
    "mongolia": "Mongolia",
    "myanmar": "Myanmar",
    "nepal": "Nepal",
    "north-korea": "Corea del Nord",
    "oman": "Oman",
    "pakistan": "Pakistan",
    "philippines": "Filippine",
    "qatar": "Qatar",
    "saudi-arabia": "Arabia Saudita",
    "singapore": "Singapore",
    "south-korea": "Corea del Sud",
    "sri-lanka": "Sri Lanka",
    "state-of-palestine": "Palestina",
    "syrian-arab-republic": "Siria",
    "taiwan": "Taiwan",
    "tajikistan": "Tajikistan",
    "thailand": "Thailandia",
    "timor-leste": "Timor Est",
    "turkey": "Turchia",
    "turkmenistan": "Turkmenistan",
    "united-arab-emirates": "Emirati Arabi Uniti",
    "uzbekistan": "Uzbekistan",
    "vietnam": "Vietnam",
    "yemen": "Yemen",
    "hong-kong": "Hong Kong",
    "macao": "Macao",
    "albania": "Albania",
    "aland-islands": "Åland Islands",
    "andorra": "Andorra",
    "austria": "Austria",
    "belarus": "Belarus",
    "belgium": "Belgio",
    "bosnia-and-herzegovina": "Bosnia ed Erzegovina",
    "bulgaria": "Bulgaria",
    "croatia": "Croatia",
    "czech-republic": "Repubblica Ceca",
    "denmark": "Danimarca",
    "estonia": "Estonia",
    "faroe-islands": "Faroe Islands",
    "finland": "Finland",
    "france": "Francia",
    "germany": "Germania",
    "gibraltar": "Gibraltar",
    "greece": "Grecia",
    "guernsey": "Guernsey",
    "holy-see": "Santa Sede",
    "hungary": "Ungheria",
    "iceland": "Iceland",
    "ireland": "Irlanda",
    "isle-of-man": "Isle of Man",
    "italy": "Italia",
    "jersey": "Jersey",
    "latvia": "Latvia",
    "liechtenstein": "Liechtenstein",
    "lithuania": "Lithuania",
    "luxembourg": "Luxembourg",
    "malta": "Malta",
    "moldova": "Moldova",
    "monaco": "Monaco",
    "montenegro": "Montenegro",
    "netherlands": "Paesi Bassi",
    "north-macedonia": "Macedonia del Nord",
    "norway": "Norvegia",
    "poland": "Polonia",
    "portugal": "Portogallo",
    "romania": "Romania",
    "russian-federation": "Russia",
    "san-marino": "San Marino",
    "serbia": "Serbia",
    "slovakia": "Slovakia",
    "slovenia": "Slovenia",
    "spain": "Spagna",
    "svalbard-and-jan-mayen": "Svalbard And Jan Mayen",
    "sweden": "Svezia",
    "switzerland": "Svizzera",
    "ukraine": "Ucraina",
    "united-kingdom": "Regno Unito",
    "vatican-city": "Città del Vaticano",
    "anguilla": "Anguilla",
    "antigua-and-barbuda": "Antigua e Barbuda",
    "aruba": "Aruba",
    "the-bahamas": "Bahamas",
    "barbados": "Barbados",
    "belize": "Belize",
    "bermuda": "Bermuda",
    "british-indian-ocean-territory": "British Indian Ocean Territory",
    "canada": "Canada",
    "caribbean-netherlands": "Caribbean Netherlands",
    "cayman-islands": "Cayman Islands",
    "costa-rica": "Costa Rica",
    "cuba": "Cuba",
    "curacao": "Curacao",
    "dominica": "Dominica",
    "dominican-republic": "Repubblica Dominicana",
    "el-salvador": "El Salvador",
    "greenland": "Greenland",
    "grenada": "Grenada",
    "guadeloupe": "Guadeloupe",
    "guatemala": "Guatemala",
    "haiti": "Haiti",
    "honduras": "Honduras",
    "jamaica": "Jamaica",
    "martinique": "Martinique",
    "mexico": "Messico",
    "montserrat": "Montserrat",
    "nicaragua": "Nicaragua",
    "panama": "Panama",
    "puerto-rico": "Puerto Rico",
    "saint-barthelemy": "Saint Barthélemy",
    "saint-kitts-and-nevis": "Saint Kitts and Nevis",
    "saint-lucia": "Saint Lucia",
    "saint-martin-french-part": "Saint Martin (French part)",
    "saint-pierre-and-miquelon": "Saint Pierre and Miquelon",
    "saint-vincent-and-the-grenadines": "Saint Vincent and the Grenadines",
    "sint-maarten-dutch-part": "Sint Maarten (Dutch part)",
    "trinidad-and-tobago": "Trinidad e Tobago",
    "turks-and-caicos-islands": "Turks and Caicos Islands",
    "united-states": "Stati Uniti",
    "virgin-islands-british": "British Virgin Islands",
    "virgin-islands-us": "U.S. Virgin Islands",
    "american-samoa": "American Samoa",
    "australia": "Australia",
    "cook-islands": "Cook Islands",
    "fiji": "Fiji",
    "french-polynesia": "Polinesia francese",
    "guam": "Guam",
    "kiribati": "Kiribati",
    "marshall-islands": "Marshall Islands",
    "micronesia": "Micronesia",
    "nauru": "Nauru",
    "new-caledonia": "Nuova Caledonia",
    "new-zealand": "Nuova Zelanda",
    "niue": "Niue",
    "norfolk-island": "Norfolk Island",
    "northern-mariana-islands": "Northern Mariana Islands",
    "palau": "Palau",
    "papua-new-guinea": "Papua Nuova Guinea",
    "pitcairn-islands": "Pitcairn Islands",
    "samoa": "Samoa",
    "solomon-islands": "Isole Salomone",
    "tokelau": "Tokelau",
    "tonga": "Tonga",
    "tuvalu": "Tuvalu",
    "vanuatu": "Vanuatu",
    "wallis-and-futuna": "Wallis e Futuna",
    "argentina": "Argentina",
    "bolivia": "Bolivia",
    "brazil": "Brasile",
    "chile": "Cile",
    "colombia": "Colombia",
    "ecuador": "Ecuador",
    "falkland-islands": "Falkland Islands",
    "french-guiana": "French Guiana",
    "guyana": "Guyana",
    "paraguay": "Paraguay",
    "peru": "Perù",
    "suriname": "Suriname",
    "uruguay": "Uruguay",
    "venezuela": "Venezuela"
  },
  "pt": {
    "algeria": "Argélia",
    "angola": "Angola",
    "benin": "Benin",
    "botswana": "Botswana",
    "burkina-faso": "Burkina Faso",
    "burundi": "Burundi",
    "cameroon": "Cameroon",
    "cabo-verde": "Cabo Verde",
    "central-african-republic": "República Centro-Africana",
    "chad": "Chad",
    "comoros": "Comoros",
    "cote-d-ivoire": "Costa do Marfim",
    "democratic-republic-of-the-congo": "República Democrática do Congo",
    "djibouti": "Djibouti",
    "egypt": "Egito",
    "equatorial-guinea": "Guiné Equatorial",
    "eritrea": "Eritrea",
    "eswatini": "Eswatini",
    "ethiopia": "Etiópia",
    "gabon": "Gabon",
    "ghana": "Ghana",
    "guinea": "Guinea",
    "guinea-bissau": "Guiné-Bissau",
    "kenya": "Quénia",
    "lesotho": "Lesotho",
    "liberia": "Liberia",
    "libya": "Libya",
    "madagascar": "Madagascar",
    "malawi": "Malawi",
    "mali": "Mali",
    "mauritania": "Mauritania",
    "mauritius": "Mauritius",
    "mayotte": "Mayotte",
    "morocco": "Marrocos",
    "mozambique": "Mozambique",
    "namibia": "Namibia",
    "niger": "Niger",
    "nigeria": "Nigéria",
    "reunion": "Reunion",
    "rwanda": "Rwanda",
    "saint-helena-ascension-and-tristan-da-cunha": "Saint Helena, Ascension and Tristan da Cunha",
    "sao-tome-and-principe": "São Tomé e Príncipe",
    "senegal": "Senegal",
    "seychelles": "Seychelles",
    "sierra-leone": "Sierra Leone",
    "somalia": "Somalia",
    "south-africa": "África do Sul",
    "south-sudan": "South Sudan",
    "sudan": "Sudan",
    "tanzania": "Tanzania",
    "togo": "Togo",
    "tunisia": "Tunísia",
    "uganda": "Uganda",
    "western-sahara": "Western Sahara",
    "zambia": "Zambia",
    "zimbabwe": "Zimbabwe",
    "afghanistan": "Afghanistan",
    "armenia": "Armenia",
    "azerbaijan": "Azerbaijan",
    "bahrain": "Bahrain",
    "bangladesh": "Bangladesh",
    "bhutan": "Bhutan",
    "brunei": "Brunei",
    "cambodia": "Cambodia",
    "china": "China",
    "cyprus": "Cyprus",
    "georgia": "Georgia",
    "india": "Índia",
    "indonesia": "Indonésia",
    "iran": "Iran",
    "iraq": "Iraq",
    "israel": "Israel",
    "japan": "Japão",
    "jordan": "Jordan",
    "kazakhstan": "Kazakhstan",
    "kuwait": "Kuwait",
    "kyrgyzstan": "Kyrgyzstan",
    "laos": "Laos",
    "lebanon": "Lebanon",
    "malaysia": "Malásia",
    "maldives": "Maldives",
    "mongolia": "Mongolia",
    "myanmar": "Myanmar",
    "nepal": "Nepal",
    "north-korea": "Coreia do Norte",
    "oman": "Oman",
    "pakistan": "Paquistão",
    "philippines": "Filipinas",
    "qatar": "Qatar",
    "saudi-arabia": "Arábia Saudita",
    "singapore": "Singapura",
    "south-korea": "Coreia do Sul",
    "sri-lanka": "Sri Lanka",
    "state-of-palestine": "Palestina",
    "syrian-arab-republic": "Síria",
    "taiwan": "Taiwan",
    "tajikistan": "Tajikistan",
    "thailand": "Tailândia",
    "timor-leste": "Timor-Leste",
    "turkey": "Turquia",
    "turkmenistan": "Turkmenistan",
    "united-arab-emirates": "Emirados Árabes Unidos",
    "uzbekistan": "Uzbekistan",
    "vietnam": "Vietnã",
    "yemen": "Yemen",
    "hong-kong": "Hong Kong",
    "macao": "Macao",
    "albania": "Albania",
    "aland-islands": "Åland Islands",
    "andorra": "Andorra",
    "austria": "Áustria",
    "belarus": "Belarus",
    "belgium": "Bélgica",
    "bosnia-and-herzegovina": "Bósnia e Herzegovina",
    "bulgaria": "Bulgaria",
    "croatia": "Croatia",
    "czech-republic": "República Checa",
    "denmark": "Dinamarca",
    "estonia": "Estonia",
    "faroe-islands": "Faroe Islands",
    "finland": "Finland",
    "france": "França",
    "germany": "Alemanha",
    "gibraltar": "Gibraltar",
    "greece": "Grécia",
    "guernsey": "Guernsey",
    "holy-see": "Santa Sé",
    "hungary": "Hungria",
    "iceland": "Iceland",
    "ireland": "Irlanda",
    "isle-of-man": "Isle of Man",
    "italy": "Itália",
    "jersey": "Jersey",
    "latvia": "Latvia",
    "liechtenstein": "Liechtenstein",
    "lithuania": "Lithuania",
    "luxembourg": "Luxembourg",
    "malta": "Malta",
    "moldova": "Moldova",
    "monaco": "Monaco",
    "montenegro": "Montenegro",
    "netherlands": "Países Baixos",
    "north-macedonia": "Macedónia do Norte",
    "norway": "Noruega",
    "poland": "Polónia",
    "portugal": "Portugal",
    "romania": "Roménia",
    "russian-federation": "Rússia",
    "san-marino": "San Marino",
    "serbia": "Serbia",
    "slovakia": "Slovakia",
    "slovenia": "Slovenia",
    "spain": "Espanha",
    "svalbard-and-jan-mayen": "Svalbard And Jan Mayen",
    "sweden": "Suécia",
    "switzerland": "Suíça",
    "ukraine": "Ucrânia",
    "united-kingdom": "Reino Unido",
    "vatican-city": "Vaticano",
    "anguilla": "Anguilla",
    "antigua-and-barbuda": "Antígua e Barbuda",
    "aruba": "Aruba",
    "the-bahamas": "Bahamas",
    "barbados": "Barbados",
    "belize": "Belize",
    "bermuda": "Bermuda",
    "british-indian-ocean-territory": "British Indian Ocean Territory",
    "canada": "Canadá",
    "caribbean-netherlands": "Caribbean Netherlands",
    "cayman-islands": "Cayman Islands",
    "costa-rica": "Costa Rica",
    "cuba": "Cuba",
    "curacao": "Curacao",
    "dominica": "Dominica",
    "dominican-republic": "República Dominicana",
    "el-salvador": "El Salvador",
    "greenland": "Greenland",
    "grenada": "Grenada",
    "guadeloupe": "Guadeloupe",
    "guatemala": "Guatemala",
    "haiti": "Haiti",
    "honduras": "Honduras",
    "jamaica": "Jamaica",
    "martinique": "Martinique",
    "mexico": "México",
    "montserrat": "Montserrat",
    "nicaragua": "Nicaragua",
    "panama": "Panama",
    "puerto-rico": "Puerto Rico",
    "saint-barthelemy": "Saint Barthélemy",
    "saint-kitts-and-nevis": "Saint Kitts and Nevis",
    "saint-lucia": "Saint Lucia",
    "saint-martin-french-part": "Saint Martin (French part)",
    "saint-pierre-and-miquelon": "Saint Pierre and Miquelon",
    "saint-vincent-and-the-grenadines": "Saint Vincent and the Grenadines",
    "sint-maarten-dutch-part": "Sint Maarten (Dutch part)",
    "trinidad-and-tobago": "Trindade e Tobago",
    "turks-and-caicos-islands": "Turks and Caicos Islands",
    "united-states": "Estados Unidos",
    "virgin-islands-british": "British Virgin Islands",
    "virgin-islands-us": "U.S. Virgin Islands",
    "american-samoa": "American Samoa",
    "australia": "Austrália",
    "cook-islands": "Cook Islands",
    "fiji": "Fiji",
    "french-polynesia": "Polinésia Francesa",
    "guam": "Guam",
    "kiribati": "Kiribati",
    "marshall-islands": "Marshall Islands",
    "micronesia": "Micronesia",
    "nauru": "Nauru",
    "new-caledonia": "Nova Caledónia",
    "new-zealand": "Nova Zelândia",
    "niue": "Niue",
    "norfolk-island": "Norfolk Island",
    "northern-mariana-islands": "Northern Mariana Islands",
    "palau": "Palau",
    "papua-new-guinea": "Papua-Nova Guiné",
    "pitcairn-islands": "Pitcairn Islands",
    "samoa": "Samoa",
    "solomon-islands": "Ilhas Salomão",
    "tokelau": "Tokelau",
    "tonga": "Tonga",
    "tuvalu": "Tuvalu",
    "vanuatu": "Vanuatu",
    "wallis-and-futuna": "Wallis e Futuna",
    "argentina": "Argentina",
    "bolivia": "Bolívia",
    "brazil": "Brasil",
    "chile": "Chile",
    "colombia": "Colômbia",
    "ecuador": "Equador",
    "falkland-islands": "Falkland Islands",
    "french-guiana": "French Guiana",
    "guyana": "Guyana",
    "paraguay": "Paraguai",
    "peru": "Peru",
    "suriname": "Suriname",
    "uruguay": "Uruguai",
    "venezuela": "Venezuela"
  },
  "zh": {
    "algeria": "阿尔及利亚",
    "angola": "安哥拉",
    "benin": "Benin",
    "botswana": "Botswana",
    "burkina-faso": "Burkina Faso",
    "burundi": "Burundi",
    "cameroon": "Cameroon",
    "cabo-verde": "佛得角",
    "central-african-republic": "中非",
    "chad": "Chad",
    "comoros": "Comoros",
    "cote-d-ivoire": "科特迪瓦",
    "democratic-republic-of-the-congo": "刚果（金）",
    "djibouti": "Djibouti",
    "egypt": "埃及",
    "equatorial-guinea": "赤道几内亚",
    "eritrea": "Eritrea",
    "eswatini": "Eswatini",
    "ethiopia": "埃塞俄比亚",
    "gabon": "Gabon",
    "ghana": "Ghana",
    "guinea": "Guinea",
    "guinea-bissau": "几内亚比绍",
    "kenya": "肯尼亚",
    "lesotho": "Lesotho",
    "liberia": "Liberia",
    "libya": "Libya",
    "madagascar": "Madagascar",
    "malawi": "Malawi",
    "mali": "Mali",
    "mauritania": "Mauritania",
    "mauritius": "Mauritius",
    "mayotte": "Mayotte",
    "morocco": "摩洛哥",
    "mozambique": "Mozambique",
    "namibia": "Namibia",
    "niger": "Niger",
    "nigeria": "尼日利亚",
    "reunion": "Reunion",
    "rwanda": "Rwanda",
    "saint-helena-ascension-and-tristan-da-cunha": "Saint Helena, Ascension and Tristan da Cunha",
    "sao-tome-and-principe": "圣多美和普林西比",
    "senegal": "Senegal",
    "seychelles": "Seychelles",
    "sierra-leone": "Sierra Leone",
    "somalia": "Somalia",
    "south-africa": "南非",
    "south-sudan": "South Sudan",
    "sudan": "Sudan",
    "tanzania": "Tanzania",
    "togo": "Togo",
    "tunisia": "突尼斯",
    "uganda": "Uganda",
    "western-sahara": "Western Sahara",
    "zambia": "Zambia",
    "zimbabwe": "Zimbabwe",
    "afghanistan": "Afghanistan",
    "armenia": "Armenia",
    "azerbaijan": "Azerbaijan",
    "bahrain": "Bahrain",
    "bangladesh": "孟加拉国",
    "bhutan": "Bhutan",
    "brunei": "Brunei",
    "cambodia": "Cambodia",
    "china": "中国",
    "cyprus": "Cyprus",
    "georgia": "Georgia",
    "india": "印度",
    "indonesia": "印度尼西亚",
    "iran": "Iran",
    "iraq": "Iraq",
    "israel": "Israel",
    "japan": "日本",
    "jordan": "Jordan",
    "kazakhstan": "Kazakhstan",
    "kuwait": "Kuwait",
    "kyrgyzstan": "Kyrgyzstan",
    "laos": "Laos",
    "lebanon": "Lebanon",
    "malaysia": "马来西亚",
    "maldives": "Maldives",
    "mongolia": "Mongolia",
    "myanmar": "Myanmar",
    "nepal": "Nepal",
    "north-korea": "朝鲜",
    "oman": "Oman",
    "pakistan": "巴基斯坦",
    "philippines": "菲律宾",
    "qatar": "Qatar",
    "saudi-arabia": "沙特阿拉伯",
    "singapore": "新加坡",
    "south-korea": "韩国",
    "sri-lanka": "Sri Lanka",
    "state-of-palestine": "巴勒斯坦",
    "syrian-arab-republic": "叙利亚",
    "taiwan": "Taiwan",
    "tajikistan": "Tajikistan",
    "thailand": "泰国",
    "timor-leste": "东帝汶",
    "turkey": "土耳其",
    "turkmenistan": "Turkmenistan",
    "united-arab-emirates": "阿联酋",
    "uzbekistan": "Uzbekistan",
    "vietnam": "越南",
    "yemen": "Yemen",
    "hong-kong": "Hong Kong",
    "macao": "Macao",
    "albania": "Albania",
    "aland-islands": "Åland Islands",
    "andorra": "Andorra",
    "austria": "奥地利",
    "belarus": "Belarus",
    "belgium": "比利时",
    "bosnia-and-herzegovina": "波黑",
    "bulgaria": "Bulgaria",
    "croatia": "Croatia",
    "czech-republic": "捷克",
    "denmark": "丹麦",
    "estonia": "Estonia",
    "faroe-islands": "Faroe Islands",
    "finland": "Finland",
    "france": "法国",
    "germany": "德国",
    "gibraltar": "Gibraltar",
    "greece": "希腊",
    "guernsey": "Guernsey",
    "holy-see": "梵蒂冈",
    "hungary": "匈牙利",
    "iceland": "Iceland",
    "ireland": "爱尔兰",
    "isle-of-man": "Isle of Man",
    "italy": "意大利",
    "jersey": "Jersey",
    "latvia": "Latvia",
    "liechtenstein": "Liechtenstein",
    "lithuania": "Lithuania",
    "luxembourg": "Luxembourg",
    "malta": "Malta",
    "moldova": "Moldova",
    "monaco": "Monaco",
    "montenegro": "Montenegro",
    "netherlands": "荷兰",
    "north-macedonia": "北马其顿",
    "norway": "挪威",
    "poland": "波兰",
    "portugal": "葡萄牙",
    "romania": "罗马尼亚",
    "russian-federation": "俄罗斯",
    "san-marino": "San Marino",
    "serbia": "Serbia",
    "slovakia": "Slovakia",
    "slovenia": "Slovenia",
    "spain": "西班牙",
    "svalbard-and-jan-mayen": "Svalbard And Jan Mayen",
    "sweden": "瑞典",
    "switzerland": "瑞士",
    "ukraine": "乌克兰",
    "united-kingdom": "英国",
    "vatican-city": "梵蒂冈",
    "anguilla": "Anguilla",
    "antigua-and-barbuda": "安提瓜和巴布达",
    "aruba": "Aruba",
    "the-bahamas": "Bahamas",
    "barbados": "Barbados",
    "belize": "Belize",
    "bermuda": "Bermuda",
    "british-indian-ocean-territory": "British Indian Ocean Territory",
    "canada": "加拿大",
    "caribbean-netherlands": "Caribbean Netherlands",
    "cayman-islands": "Cayman Islands",
    "costa-rica": "哥斯达黎加",
    "cuba": "Cuba",
    "curacao": "Curacao",
    "dominica": "Dominica",
    "dominican-republic": "多米尼加",
    "el-salvador": "萨尔瓦多",
    "greenland": "Greenland",
    "grenada": "Grenada",
    "guadeloupe": "Guadeloupe",
    "guatemala": "Guatemala",
    "haiti": "Haiti",
    "honduras": "Honduras",
    "jamaica": "Jamaica",
    "martinique": "Martinique",
    "mexico": "墨西哥",
    "montserrat": "Montserrat",
    "nicaragua": "Nicaragua",
    "panama": "Panama",
    "puerto-rico": "Puerto Rico",
    "saint-barthelemy": "Saint Barthélemy",
    "saint-kitts-and-nevis": "Saint Kitts and Nevis",
    "saint-lucia": "Saint Lucia",
    "saint-martin-french-part": "Saint Martin (French part)",
    "saint-pierre-and-miquelon": "Saint Pierre and Miquelon",
    "saint-vincent-and-the-grenadines": "Saint Vincent and the Grenadines",
    "sint-maarten-dutch-part": "Sint Maarten (Dutch part)",
    "trinidad-and-tobago": "特立尼达和多巴哥",
    "turks-and-caicos-islands": "Turks and Caicos Islands",
    "united-states": "美国",
    "virgin-islands-british": "British Virgin Islands",
    "virgin-islands-us": "U.S. Virgin Islands",
    "american-samoa": "American Samoa",
    "australia": "澳大利亚",
    "cook-islands": "Cook Islands",
    "fiji": "Fiji",
    "french-polynesia": "法属波利尼西亚",
    "guam": "Guam",
    "kiribati": "Kiribati",
    "marshall-islands": "Marshall Islands",
    "micronesia": "Micronesia",
    "nauru": "Nauru",
    "new-caledonia": "新喀里多尼亚",
    "new-zealand": "新西兰",
    "niue": "Niue",
    "norfolk-island": "Norfolk Island",
    "northern-mariana-islands": "Northern Mariana Islands",
    "palau": "Palau",
    "papua-new-guinea": "巴布亚新几内亚",
    "pitcairn-islands": "Pitcairn Islands",
    "samoa": "Samoa",
    "solomon-islands": "所罗门群岛",
    "tokelau": "Tokelau",
    "tonga": "Tonga",
    "tuvalu": "Tuvalu",
    "vanuatu": "Vanuatu",
    "wallis-and-futuna": "瓦利斯和富图纳",
    "argentina": "阿根廷",
    "bolivia": "玻利维亚",
    "brazil": "巴西",
    "chile": "智利",
    "colombia": "哥伦比亚",
    "ecuador": "厄瓜多尔",
    "falkland-islands": "Falkland Islands",
    "french-guiana": "French Guiana",
    "guyana": "Guyana",
    "paraguay": "巴拉圭",
    "peru": "秘鲁",
    "suriname": "Suriname",
    "uruguay": "乌拉圭",
    "venezuela": "Venezuela"
  }
}